id_venta,fecha_venta,id_producto,id_cliente,id_vendedor,cantidad,precio_unitario,total_venta
VT00001,2024-12-24,P0050,C0048,V006,5,64852.0,324260.0
VT00002,2024-11-06,P0048,C0015,V025,10,32365.0,323650.0
VT00003,2025-02-23,P0020,C0014,V019,3,12798.0,38394.0
VT00004,2024-01-14,P0020,C0049,V013,15,12798.0,191970.0
VT00005,27/04/2025,P0013,C0010,V019,12,60097.0,721164.0
VT00006,2024-12-19,P0041,C0032,V004,14,77834.0,1089676.0
VT00007,22-12-2024,P0020,C0016,V019,13,12798.0,166374.0
VT00008,2025-02-04,P0023,C0055,V022,1,50132.0,50132.0
VT00009,2024-07-08,P0033,C0044,V001,2,46567.0,93134.0
VT00010,10/03/2025,P0053,C0063,V004,7,51704.0,361928.0
VT00011,2024-08-09,P0041,C0059,V023,6,77834.0,467004.0
VT00012,2024-03-19,P0012,C0006,V021,7,65102.0,455714.0
VT00013,2024-05-18,P0052,C0062,V015,10,67847.0,678470.0
VT00014,11-08-2024,P0047,C0035,V011,14,76570.0,1071980.0
VT00015,12/03/2025,P0054,C0012,V009,4,33984.0,135936.0
VT00016,2025-03-27,P0016,C0060,V019,8,10932.0,87456.0
VT00017,2024-11-08,P0025,C0044,V001,11,66278.0,729058.0
VT00018,2024-09-10,P0021,C0024,V016,14,9001.0,126014.0
VT00019,2024-04-18,P0052,C0034,V011,6,67847.0,407082.0
VT00020,23/05/2024,P0039,C0036,V018,15,68916.0,1033740.0
VT00021,06-01-2024,P0013,C0011,V008,9,60097.0,540873.0
VT00022,2025-01-03,P0032,C0031,V023,7,52753.0,369271.0
VT00023,2024-08-31,P0046,C0063,V015,11,46966.0,516626.0
VT00024,2025-02-09,P0006,C0038,V008,1,5122.0,5122.0
VT00025,26/07/2024,P0016,C0040,V022,12,10932.0,131184.0
VT00026,2024-10-24,P0031,C0067,V012,6,60400.0,362400.0
VT00027,2024-08-05,P0036,C0043,V012,12,20618.0,247416.0
VT00028,25-12-2024,P0018,C0040,V009,8,52307.0,418456.0
VT00029,2024-04-28,P0047,C0025,V011,2,76570.0,153140.0
VT00030,02/03/2024,P0035,C0024,V007,12,24771.0,297252.0
VT00031,2024-04-20,P0031,C0036,V024,12,60400.0,724800.0
VT00032,2024-10-28,P0034,C0037,V004,13,15981.0,207753.0
VT00033,2025-03-02,P0019,C0030,V012,4,62703.0,250812.0
VT00034,2024-04-01,P0001,C0017,V009,5,55253.0,276265.0
VT00035,24/01/2024,P0036,C0038,V023,1,20618.0,20618.0
VT00036,2025-04-28,P0041,C0063,V004,3,77834.0,233502.0
VT00037,2025-03-22,P0037,C0037,V016,1,72035.0,72035.0
VT00038,2024-09-02,P0022,C0024,V002,8,70926.0,567408.0
VT00039,2024-05-09,P0031,C0015,V003,14,60400.0,845600.0
VT00040,24/07/2024,P0005,C0007,V005,8,9672.0,77376.0
VT00041,2024-03-17,P0037,C0039,V003,13,72035.0,936455.0
VT00042,07-05-2024,P0036,C0054,V020,2,20618.0,41236.0
VT00043,2024-11-01,P0040,C0029,V025,13,24589.0,319657.0
VT00044,2024-09-24,P0029,C0057,V010,7,15919.0,111433.0
VT00045,16/03/2025,P0028,C0040,V019,10,54944.0,549440.0
VT00046,2024-11-13,P0040,C0013,V025,1,24589.0,24589.0
VT00047,2024-04-16,P0014,C0034,V022,11,25424.0,279664.0
VT00048,2024-02-11,P0016,C0023,V018,3,10932.0,32796.0
VT00049,08-02-2024,P0001,C0053,V015,3,55253.0,165759.0
VT00050,18/12/2024,P0031,C0038,V002,10,60400.0,604000.0
VT00051,2024-04-28,P0046,C0037,V023,tres,46966.0,234830.0
VT00052,2025-03-16,P0005,C0030,V009,8,9672.0,77376.0
VT00053,2025-02-07,P0041,C0026,V014,13,77834.0,1011842.0
VT00054,2024-02-28,P0015,C0020,V009,9,81470.0,733230.0
VT00055,27/02/2025,P0005,C0008,V006,3,9672.0,29016.0
VT00056,09-02-2025,P0039,C0037,V015,5,68916.0,344580.0
VT00057,2024-03-04,P0045,C0039,V023,8,22847.0,182776.0
VT00058,2024-07-25,P0033,C0064,V015,5,46567.0,232835.0
VT00059,2024-02-11,P0003,C0056,V024,10,20915.0,209150.0
VT00060,14/06/2024,P0017,C0004,V003,10,10479.0,104790.0
VT00061,2024-04-27,P0054,C0003,V025,11,33984.0,373824.0
VT00062,2024-12-10,P0018,C0006,V025,,52307.0,732298.0
VT00063,22-01-2025,P0031,C0006,V021,3,60400.0,181200.0
VT00064,2024-08-14,P0018,C0024,V019,15,52307.0,784605.0
VT00065,11/08/2024,P0053,C0063,V003,11,51704.0,568744.0
VT00066,2024-08-28,P0027,C0043,V011,6,33860.0,203160.0
VT00067,2024-12-09,P0055,C0021,V011,2,46152.0,92304.0
VT00068,2024-07-29,P0032,C0037,V022,12,52753.0,633036.0
VT00069,2025-04-28,P0053,C0005,V015,7,51704.0,361928.0
VT00070,15/02/2024,P0017,C0042,V004,6,10479.0,62874.0
VT00071,2025-01-30,P0056,C0066,V001,7,73514.0,514598.0
VT00072,2024-12-02,P0035,C0060,V014,14,24771.0,346794.0
VT00073,2024-01-28,P0034,C0047,V020,4,15981.0,63924.0
VT00074,2025-01-22,P0041,C0057,V025,8,77834.0,622672.0
VT00075,27/01/2024,P0018,C0017,V010,4,52307.0,209228.0
VT00076,2024-08-12,P0045,C0063,V004,15,22847.0,342705.0
VT00077,15-01-2024,P0039,C0031,V023,11,68916.0,758076.0
VT00078,2024-03-22,P0036,C0002,V018,5,20618.0,103090.0
VT00079,2024-07-27,P0015,C0015,V015,2,81470.0,162940.0
VT00080,29/04/2025,P0042,C0020,V016,2,20042.0,40084.0
VT00081,2025-04-22,P0019,C0066,V023,12,62703.0,752436.0
VT00082,2024-05-19,P0054,C0062,V016,7,33984.0,237888.0
VT00083,2024-05-04,P0036,C0019,V013,8,20618.0,164944.0
VT00084,07-04-2024,P0039,C0066,V024,15,68916.0,1033740.0
VT00085,26/03/2025,P0056,C0009,V009,3,73514.0,220542.0
VT00086,2025-01-30,P0055,C0054,V011,13,46152.0,599976.0
VT00087,2025-04-23,P0033,C0035,V001,13,46567.0,605371.0
VT00088,2024-05-24,P0020,C0063,V005,12,12798.0,153576.0
VT00089,2024-08-16,P0031,C0045,V011,9,60400.0,543600.0
VT00090,09/10/2024,P0035,C0049,V015,13,24771.0,322023.0
VT00091,22-04-2025,P0056,C0025,V023,6,73514.0,441084.0
VT00092,2024-05-02,P0025,C0030,V025,10,66278.0,662780.0
VT00093,2024-07-29,P0021,C0061,V023,1,9001.0,9001.0
VT00094,2025-04-12,P0025,C0050,V022,13,66278.0,861614.0
VT00095,09/02/2025,P0042,C0020,V016,14,20042.0,280588.0
VT00096,2024-01-19,P0033,C0043,V004,3,46567.0,139701.0
VT00097,2025-03-23,P0029,C0013,V017,14,15919.0,222866.0
VT00098,11-04-2025,P0001,C0019,V014,8,55253.0,442024.0
VT00099,2025-03-21,P0010,C0010,V016,11,37110.0,408210.0
VT00100,04/02/2025,P0022,C0051,V021,5,70926.0,354630.0
VT00101,2024-02-11,P0022,C0049,V011,14,70926.0,992964.0
VT00102,2024-11-16,P0057,C0063,V018,12,58623.0,703476.0
VT00103,2024-01-19,P0005,C0031,V021,10,9672.0,96720.0
VT00104,2024-12-16,P0019,C0030,V024,15,62703.0,940545.0
VT00105,16/02/2024,P0007,C0013,V015,7,20538.0,143766.0
VT00106,2024-03-26,P0020,C0004,V002,12,12798.0,153576.0
VT00107,2024-06-15,P0004,C0038,V012,13,58328.0,758264.0
VT00108,2024-07-10,P0010,C0032,V017,7,37110.0,259770.0
VT00109,2024-07-29,P0044,C0024,V006,10,14287.0,142870.0
VT00110,30/03/2024,P0040,C0049,V020,2,24589.0,49178.0
VT00111,2024-12-15,P0032,C0019,V008,4,52753.0,211012.0
VT00112,24-08-2024,P0017,C0059,V009,11,10479.0,115269.0
VT00113,2024-12-07,P0058,C0060,V010,1,58741.0,58741.0
VT00114,2024-12-12,P0011,C0010,V015,9,51114.0,460026.0
VT00115,28/04/2025,P0038,C0039,V021,6,21396.0,128376.0
VT00116,2024-08-05,P0017,C0059,V010,12,10479.0,125748.0
VT00117,2024-04-11,P0055,C0062,V004,7,46152.0,323064.0
VT00118,2024-05-01,P0037,C0046,V019,7,72035.0,504245.0
VT00119,31-05-2024,P0019,C0003,V022,12,62703.0,752436.0
VT00120,21/07/2024,P0001,C0007,V020,5,55253.0,276265.0
VT00121,2025-01-16,P0054,C0037,V025,8,33984.0,271872.0
VT00122,2025-02-13,P0039,C0046,V008,4,68916.0,275664.0
VT00123,2024-11-21,P0040,C0033,V022,4,24589.0,98356.0
VT00124,2025-01-21,P0050,C0018,V021,12,64852.0,778224.0
VT00125,19/02/2024,P0041,C0006,V010,15,77834.0,1167510.0
VT00126,07-02-2025,P0003,C0047,V024,8,20915.0,167320.0
VT00127,2024-03-08,P0059,C0038,V011,2,64447.0,128894.0
VT00128,2025-01-17,P0012,C0026,V005,7,65102.0,455714.0
VT00129,2025-02-06,P0057,C0047,V017,9,58623.0,527607.0
VT00130,13/09/2024,P0018,C0022,V009,15,52307.0,784605.0
VT00131,2025-04-12,P0031,C0038,V024,14,60400.0,845600.0
VT00132,2025-03-21,P0052,C0015,V015,6,67847.0,407082.0
VT00133,08-02-2024,P0049,C0029,V022,3,44536.0,133608.0
VT00134,2025-01-05,P0026,C0047,V003,11,73064.0,803704.0
VT00135,08/02/2025,P0001,C0034,V018,7,55253.0,386771.0
VT00136,2024-03-04,P0024,C0034,V019,8,6281.0,50248.0
VT00137,2024-07-14,P0041,C0048,V004,14,77834.0,1089676.0
VT00138,2024-12-11,P0031,C0004,V020,4,60400.0,241600.0
VT00139,2025-03-28,P0021,C0029,V021,9,9001.0,81009.0
VT00140,02/02/2024,P0053,C0060,V023,11,51704.0,568744.0
VT00141,2024-06-03,P0027,C0015,V005,11,33860.0,372460.0
VT00142,2024-01-24,P0020,C0064,V004,1,12798.0,12798.0
VT00143,2024-02-19,P0057,C0018,V013,4,58623.0,234492.0
VT00144,2024-08-20,P0043,C0054,V019,6,35140.0,210840.0
VT00145,15/01/2025,P0010,C0054,V021,12,37110.0,445320.0
VT00146,2024-02-20,P0032,C0053,V009,,52753.0,738542.0
VT00147,17-01-2024,P0024,C0028,V015,12,6281.0,75372.0
VT00148,2024-08-15,P0055,C0047,V004,4,46152.0,184608.0
VT00149,2024-12-17,P0035,C0046,V002,6,24771.0,148626.0
VT00150,22/07/2024,P0013,C0016,V015,5,60097.0,300485.0
VT00151,2024-02-16,P0014,C0003,V002,diez,25424.0,279664.0
VT00152,2025-02-06,P0016,C0017,V019,6,10932.0,65592.0
VT00153,2024-04-15,P0054,C0027,V019,2,33984.0,67968.0
VT00154,20-04-2024,P0056,C0030,V011,14,73514.0,1029196.0
VT00155,31/01/2025,P0051,C0001,V009,3,15109.0,45327.0
VT00156,2025-03-15,P0009,C0033,V006,3,18904.0,56712.0
VT00157,2024-02-26,P0056,C0004,V005,11,73514.0,808654.0
VT00158,2024-01-08,P0051,C0031,V019,6,15109.0,90654.0
VT00159,2024-06-14,P0012,C0034,V002,1,65102.0,65102.0
VT00160,05/03/2024,P0027,C0067,V004,12,33860.0,406320.0
VT00161,16-01-2025,P0031,C0058,V025,2,60400.0,120800.0
VT00162,2024-07-04,P0038,C0014,V015,9,21396.0,192564.0
VT00163,2024-09-14,P0040,C0006,V024,4,24589.0,98356.0
VT00164,2025-02-05,P0056,C0006,V010,15,73514.0,1102710.0
VT00165,22/08/2024,P0002,C0008,V016,11,63678.0,700458.0
VT00166,2025-03-09,P0028,C0014,V016,7,54944.0,384608.0
VT00167,2024-12-30,P0029,C0010,V003,15,15919.0,238785.0
VT00168,13-06-2024,P0010,C0009,V005,10,37110.0,371100.0
VT00169,2024-05-20,P0041,C0042,V013,10,77834.0,778340.0
VT00170,01/11/2024,P0019,C0059,V017,9,62703.0,564327.0
VT00171,2024-11-05,P0007,C0015,V021,7,20538.0,143766.0
VT00172,2024-11-29,P0050,C0028,V014,15,64852.0,972780.0
VT00173,2024-08-19,P0015,C0053,V011,15,81470.0,1222050.0
VT00174,2025-02-27,P0026,C0054,V024,8,73064.0,584512.0
VT00175,18/02/2024,P0028,C0041,V022,6,54944.0,329664.0
VT00176,2024-05-10,P0010,C0061,V003,6,37110.0,222660.0
VT00177,2024-02-16,P0006,C0012,V014,14,5122.0,71708.0
VT00178,2024-02-19,P0048,C0048,V005,12,32365.0,388380.0
VT00179,2024-10-11,P0038,C0043,V022,1,21396.0,21396.0
VT00180,03/03/2024,P0023,C0055,V024,7,50132.0,350924.0
VT00181,2024-01-27,P0039,C0040,V012,5,68916.0,344580.0
VT00182,23-02-2024,P0033,C0028,V005,10,46567.0,465670.0
VT00183,2024-12-02,P0015,C0014,V012,8,81470.0,651760.0
VT00184,2025-03-08,P0024,C0015,V025,9,6281.0,56529.0
VT00185,22/05/2024,P0015,C0055,V018,10,81470.0,814700.0
VT00186,2025-01-27,P0040,C0004,V020,14,24589.0,344246.0
VT00187,2025-04-20,P0054,C0035,V001,11,33984.0,373824.0
VT00188,2024-04-02,P0045,C0040,V011,5,22847.0,114235.0
VT00189,28-06-2024,P0012,C0019,V019,1,65102.0,65102.0
VT00190,02/12/2024,P0005,C0019,V024,7,9672.0,67704.0
VT00191,2024-11-20,P0006,C0067,V007,1,5122.0,5122.0
VT00192,2024-07-11,P0030,C0044,V006,7,19784.0,138488.0
VT00193,2024-07-08,P0047,C0042,V025,5,76570.0,382850.0
VT00194,2025-04-27,P0039,C0011,V002,10,68916.0,689160.0
VT00195,20/03/2024,P0049,C0007,V022,3,44536.0,133608.0
VT00196,11-02-2024,P0029,C0055,V016,5,15919.0,79595.0
VT00197,2024-11-06,P0027,C0035,V007,8,33860.0,270880.0
VT00198,2025-01-21,P0008,C0045,V014,9,52167.0,469503.0
VT00199,2024-02-26,P0044,C0063,V017,5,14287.0,71435.0
VT00200,07/12/2024,P0003,C0029,V013,5,20915.0,104575.0
VT00201,2024-11-02,P0001,C0027,V010,1,55253.0,55253.0
VT00202,2025-04-29,P0050,C0018,V025,4,64852.0,259408.0
VT00203,10-05-2024,P0021,C0016,V001,5,9001.0,45005.0
VT00204,2024-09-11,P0028,C0023,V005,12,54944.0,659328.0
VT00205,13/07/2024,P0046,C0030,V017,9,46966.0,422694.0
VT00206,2024-10-13,P0043,C0046,V003,14,35140.0,491960.0
VT00207,2024-07-22,P0048,C0006,V014,14,32365.0,453110.0
VT00208,2024-01-10,P0059,C0010,V011,8,64447.0,515576.0
VT00209,2024-10-21,P0037,C0052,V023,7,72035.0,504245.0
VT00210,23/11/2024,P0019,C0015,V013,7,62703.0,438921.0
VT00211,2024-01-11,P0011,C0059,V023,6,51114.0,306684.0
VT00212,2025-04-15,P0006,C0056,V004,6,5122.0,30732.0
VT00213,2024-05-04,P0038,C0052,V017,7,21396.0,149772.0
VT00214,2024-02-10,P0056,C0040,V024,7,73514.0,514598.0
VT00215,22/06/2024,P0022,C0022,V003,4,70926.0,283704.0
VT00216,2024-09-18,P0008,C0067,V017,11,52167.0,573837.0
VT00217,09-04-2024,P0050,C0045,V012,15,64852.0,972780.0
VT00218,2025-01-07,P0042,C0019,V008,14,20042.0,280588.0
VT00219,2024-02-22,P0017,C0026,V006,3,10479.0,31437.0
VT00220,04/11/2024,P0049,C0010,V006,3,44536.0,133608.0
VT00221,2025-01-30,P0032,C0060,V025,11,52753.0,580283.0
VT00222,2024-10-15,P0038,C0058,V022,13,21396.0,278148.0
VT00223,2025-04-18,P0037,C0042,V021,15,72035.0,1080525.0
VT00224,10-06-2024,P0029,C0009,V016,3,15919.0,47757.0
VT00225,14/08/2024,P0020,C0036,V019,11,12798.0,140778.0
VT00226,2024-01-29,P0033,C0010,V010,6,46567.0,279402.0
VT00227,2024-08-24,P0003,C0008,V012,8,20915.0,167320.0
VT00228,2025-03-01,P0005,C0012,V020,5,9672.0,48360.0
VT00229,2024-10-31,P0025,C0060,V019,9,66278.0,596502.0
VT00230,10/10/2024,P0048,C0006,V015,13,32365.0,420745.0
VT00231,10-04-2025,P0037,C0025,V011,13,72035.0,936455.0
VT00232,2024-11-05,P0033,C0020,V002,8,46567.0,372536.0
VT00233,2024-08-18,P0052,C0044,V023,2,67847.0,135694.0
VT00234,2024-02-13,P0042,C0023,V002,9,20042.0,180378.0
VT00235,06/05/2024,P0029,C0057,V017,12,15919.0,191028.0
VT00236,2024-09-24,P0011,C0047,V012,10,51114.0,511140.0
VT00237,2025-04-14,P0025,C0053,V025,5,66278.0,331390.0
VT00238,22-06-2024,P0039,C0007,V021,11,68916.0,758076.0
VT00239,2024-11-27,P0005,C0043,V004,6,9672.0,58032.0
VT00240,12/10/2024,P0025,C0037,V009,11,66278.0,729058.0
VT00241,2025-01-05,P0043,C0020,V011,14,35140.0,491960.0
VT00242,2024-02-11,P0043,C0019,V012,10,35140.0,351400.0
VT00243,2024-06-07,P0045,C0051,V005,11,22847.0,251317.0
VT00244,2024-10-31,P0006,C0040,V018,,5122.0,61464.0
VT00245,11/07/2024,P0051,C0043,V005,11,15109.0,166199.0
VT00246,2024-12-09,P0054,C0067,V003,12,33984.0,407808.0
VT00247,2024-11-26,P0028,C0066,V012,11,54944.0,604384.0
VT00248,2024-01-10,P0020,C0024,V007,6,12798.0,76788.0
VT00249,2024-06-23,P0032,C0025,V008,13,52753.0,685789.0
VT00250,11/03/2024,P0005,C0038,V004,3,9672.0,29016.0
VT00251,2024-09-16,P0035,C0067,V002,13,24771.0,322023.0
VT00252,04-12-2024,P0057,C0017,V020,6,58623.0,351738.0
VT00253,2024-07-11,P0011,C0024,V023,3,51114.0,153342.0
VT00254,2025-01-29,P0052,C0022,V024,10,67847.0,678470.0
VT00255,12/08/2024,P0027,C0047,V022,1,33860.0,33860.0
VT00256,2025-01-03,P0029,C0037,V025,4,15919.0,63676.0
VT00257,2025-01-18,P0029,C0030,V018,13,15919.0,206947.0
VT00258,2024-05-02,P0052,C0061,V007,5,67847.0,339235.0
VT00259,07-07-2024,P0037,C0057,V015,11,72035.0,792385.0
VT00260,28/01/2025,P0050,C0049,V017,5,64852.0,324260.0
VT00261,2024-09-27,P0011,C0026,V020,7,51114.0,357798.0
VT00262,2024-03-11,P0017,C0007,V021,14,10479.0,146706.0
VT00263,2024-09-03,P0024,C0014,V023,14,6281.0,87934.0
VT00264,2025-03-09,P0055,C0016,V010,9,46152.0,415368.0
VT00265,12/02/2024,P0011,C0035,V015,13,51114.0,664482.0
VT00266,08-04-2025,P0010,C0056,V003,9,37110.0,333990.0
VT00267,2025-04-29,P0015,C0058,V012,15,81470.0,1222050.0
VT00268,2025-04-21,P0027,C0007,V013,1,33860.0,33860.0
VT00269,2024-09-14,P0016,C0050,V003,6,10932.0,65592.0
VT00270,10/07/2024,P0002,C0041,V004,4,63678.0,254712.0
VT00271,2025-03-05,P0042,C0043,V005,12,20042.0,240504.0
VT00272,2024-03-11,P0019,C0061,V023,1,62703.0,62703.0
VT00273,01-03-2025,P0049,C0061,V015,3,44536.0,133608.0
VT00274,2024-11-11,P0058,C0011,V001,1,58741.0,58741.0
VT00275,11/05/2024,P0054,C0020,V018,4,33984.0,135936.0
VT00276,2025-04-26,P0039,C0067,V014,12,68916.0,826992.0
VT00277,2024-02-26,P0019,C0031,V010,13,62703.0,815139.0
VT00278,2024-03-03,P0016,C0054,V021,1,10932.0,10932.0
VT00279,2025-02-10,P0030,C0009,V004,10,19784.0,197840.0
VT00280,04/03/2025,P0032,C0003,V021,15,52753.0,791295.0
VT00281,2024-09-20,P0016,C0019,V010,10,10932.0,109320.0
VT00282,2024-08-07,P0040,C0046,V008,1,24589.0,24589.0
VT00283,2024-10-19,P0012,C0011,V017,7,65102.0,455714.0
VT00284,2024-07-03,P0034,C0065,V017,2,15981.0,31962.0
VT00285,10/10/2024,P0025,C0061,V002,1,66278.0,66278.0
VT00286,2024-11-21,P0024,C0033,V024,7,6281.0,43967.0
VT00287,09-01-2024,P0051,C0009,V012,6,15109.0,90654.0
VT00288,2024-05-03,P0043,C0014,V025,12,35140.0,421680.0
VT00289,2024-10-24,P0049,C0043,V005,12,44536.0,534432.0
VT00290,23/01/2024,P0035,C0044,V021,6,24771.0,148626.0
VT00291,2024-03-30,P0050,C0060,V023,14,64852.0,907928.0
VT00292,2024-09-02,P0012,C0018,V003,11,65102.0,716122.0
VT00293,2025-01-01,P0030,C0005,V010,13,19784.0,257192.0
VT00294,13-04-2024,P0051,C0026,V002,1,15109.0,15109.0
VT00295,10/06/2024,P0020,C0066,V013,15,12798.0,191970.0
VT00296,2025-02-21,P0031,C0033,V002,9,60400.0,543600.0
VT00297,2025-01-20,P0013,C0037,V012,11,60097.0,661067.0
VT00298,2025-03-17,P0004,C0043,V009,13,58328.0,758264.0
VT00299,2024-03-04,P0024,C0056,V013,13,6281.0,81653.0
VT00300,15/01/2025,P0058,C0050,V011,8,58741.0,469928.0
VT00301,05-04-2024,P0045,C0064,V012,8,22847.0,182776.0
VT00302,2025-04-18,P0034,C0035,V003,13,15981.0,207753.0
VT00303,2025-01-07,P0006,C0056,V020,7,5122.0,35854.0
VT00304,2025-02-25,P0035,C0038,V011,3,24771.0,74313.0
VT00305,22/02/2024,P0021,C0038,V010,2,9001.0,18002.0
VT00306,2024-08-16,P0046,C0055,V006,10,46966.0,469660.0
VT00307,2024-12-19,P0023,C0058,V002,8,50132.0,401056.0
VT00308,07-01-2025,P0059,C0046,V020,14,64447.0,902258.0
VT00309,2024-08-10,P0041,C0008,V003,5,77834.0,389170.0
VT00310,09/12/2024,P0026,C0047,V017,11,73064.0,803704.0
VT00311,2025-02-14,P0044,C0021,V001,12,14287.0,171444.0
VT00312,2024-03-14,P0039,C0057,V002,14,68916.0,964824.0
VT00313,2024-03-05,P0016,C0047,V012,2,10932.0,21864.0
VT00314,2024-07-15,P0003,C0020,V022,10,20915.0,209150.0
VT00315,18/08/2024,P0024,C0057,V025,6,6281.0,37686.0
VT00316,2024-02-09,P0009,C0067,V012,10,18904.0,189040.0
VT00317,2024-07-22,P0042,C0036,V008,6,20042.0,120252.0
VT00318,2024-02-28,P0048,C0024,V016,1,32365.0,32365.0
VT00319,2024-09-22,P0059,C0016,V009,7,64447.0,451129.0
VT00320,31/01/2025,P0046,C0058,V007,5,46966.0,234830.0
VT00321,2024-11-09,P0045,C0063,V007,5,22847.0,114235.0
VT00322,03-03-2024,P0055,C0010,V015,3,46152.0,138456.0
VT00323,2024-03-29,P0046,C0057,V003,15,46966.0,704490.0
VT00324,2025-02-18,P0055,C0041,V022,11,46152.0,507672.0
VT00325,26/06/2024,P0005,C0038,V010,12,9672.0,116064.0
VT00326,2025-03-11,P0046,C0023,V012,3,46966.0,140898.0
VT00327,2024-09-17,P0008,C0026,V005,4,52167.0,208668.0
VT00328,2024-05-01,P0032,C0004,V012,13,52753.0,685789.0
VT00329,10-10-2024,P0024,C0060,V018,10,6281.0,62810.0
VT00330,07/03/2024,P0057,C0012,V003,10,58623.0,586230.0
VT00331,2024-06-07,P0046,C0062,V017,7,46966.0,328762.0
VT00332,2024-07-29,P0027,C0010,V005,13,33860.0,440180.0
VT00333,2024-06-11,P0005,C0058,V015,11,9672.0,106392.0
VT00334,2024-12-14,P0023,C0017,V025,9,50132.0,451188.0
VT00335,09/10/2024,P0038,C0024,V025,11,21396.0,235356.0
VT00336,07-03-2024,P0033,C0008,V004,7,46567.0,325969.0
VT00337,2024-09-22,P0020,C0022,V006,3,12798.0,38394.0
VT00338,2024-06-14,P0046,C0029,V012,15,46966.0,704490.0
VT00339,2025-04-30,P0058,C0037,V003,9,58741.0,528669.0
VT00340,08/05/2024,P0041,C0036,V005,4,77834.0,311336.0
VT00341,2024-11-16,P0040,C0012,V017,5,24589.0,122945.0
VT00342,2024-11-24,P0038,C0020,V006,3,21396.0,64188.0
VT00343,03-12-2024,P0047,C0044,V019,10,76570.0,765700.0
VT00344,2024-01-22,P0056,C0004,V003,14,73514.0,1029196.0
VT00345,24/01/2024,P0050,C0034,V021,11,64852.0,713372.0
VT00346,2024-04-17,P0037,C0054,V020,13,72035.0,936455.0
VT00347,2024-11-23,P0032,C0038,V021,1,52753.0,52753.0
VT00348,2024-06-03,P0016,C0052,V010,8,10932.0,87456.0
VT00349,2024-08-20,P0045,C0008,V006,2,22847.0,45694.0
VT00350,13/08/2024,P0031,C0060,V007,7,60400.0,422800.0
VT00351,2024-06-23,P0010,C0041,V023,10,37110.0,371100.0
VT00352,2024-06-12,P0056,C0045,V013,12,73514.0,882168.0
VT00353,2024-03-07,P0024,C0066,V018,13,6281.0,81653.0
VT00354,2024-02-24,P0016,C0060,V004,6,10932.0,65592.0
VT00355,16/05/2024,P0016,C0019,V004,8,10932.0,87456.0
VT00356,2024-01-26,P0025,C0054,V008,5,66278.0,331390.0
VT00357,19-03-2025,P0011,C0042,V019,15,51114.0,766710.0
VT00358,2025-01-04,P0013,C0021,V016,6,60097.0,360582.0
VT00359,2024-09-20,P0032,C0040,V016,8,52753.0,422024.0
VT00360,12/01/2024,P0026,C0065,V015,2,73064.0,146128.0
VT00361,2024-05-03,P0038,C0046,V002,4,21396.0,85584.0
VT00362,2024-01-26,P0032,C0061,V010,5,52753.0,263765.0
VT00363,2024-10-01,P0055,C0014,V014,1,46152.0,46152.0
VT00364,09-03-2024,P0017,C0047,V025,15,10479.0,157185.0
VT00365,25/07/2024,P0003,C0052,V002,6,20915.0,125490.0
VT00366,2024-10-18,P0013,C0047,V018,9,60097.0,540873.0
VT00367,2024-05-27,P0025,C0065,V015,2,66278.0,132556.0
VT00368,2025-01-26,P0018,C0016,V005,9,52307.0,470763.0
VT00369,2024-02-19,P0024,C0044,V018,7,6281.0,43967.0
VT00370,25/04/2025,P0049,C0019,V007,6,44536.0,267216.0
VT00371,04-11-2024,P0026,C0065,V002,9,73064.0,657576.0
VT00372,2024-01-24,P0009,C0043,V016,1,18904.0,18904.0
VT00373,2024-09-22,P0010,C0066,V005,8,37110.0,296880.0
VT00374,2024-06-16,P0040,C0041,V006,15,24589.0,368835.0
VT00375,20/07/2024,P0048,C0039,V019,10,32365.0,323650.0
VT00376,2024-06-21,P0054,C0066,V018,9,33984.0,305856.0
VT00377,2024-09-07,P0037,C0039,V016,12,72035.0,864420.0
VT00378,21-02-2025,P0024,C0043,V022,1,6281.0,6281.0
VT00379,2024-02-26,P0038,C0040,V024,7,21396.0,149772.0
VT00380,22/03/2025,P0041,C0004,V020,12,77834.0,934008.0
VT00381,2024-08-30,P0042,C0030,V024,5,20042.0,100210.0
VT00382,2024-01-27,P0031,C0022,V017,10,60400.0,604000.0
VT00383,2024-11-18,P0040,C0049,V005,12,24589.0,295068.0
VT00384,2025-02-24,P0016,C0005,V019,11,10932.0,120252.0
VT00385,30/04/2025,P0008,C0025,V001,12,52167.0,626004.0
VT00386,2024-08-13,P0027,C0020,V014,6,33860.0,203160.0
VT00387,2024-12-19,P0027,C0065,V025,4,33860.0,135440.0
VT00388,2024-11-09,P0031,C0008,V023,15,60400.0,906000.0
VT00389,2024-03-11,P0014,C0042,V022,9,25424.0,228816.0
VT00390,01/09/2024,P0025,C0041,V006,9,66278.0,596502.0
VT00391,2024-08-23,P0035,C0044,V018,15,24771.0,371565.0
VT00392,30-06-2024,P0050,C0034,V020,11,64852.0,713372.0
VT00393,2024-09-04,P0016,C0036,V018,4,10932.0,43728.0
VT00394,2024-06-01,P0020,C0037,V023,4,12798.0,51192.0
VT00395,16/04/2024,P0046,C0063,V011,12,46966.0,563592.0
VT00396,2024-09-02,P0036,C0036,V010,6,20618.0,123708.0
VT00397,2024-03-03,P0044,C0049,V013,10,14287.0,142870.0
VT00398,2025-02-23,P0050,C0019,V010,6,64852.0,389112.0
VT00399,22-01-2024,P0046,C0011,V012,5,46966.0,234830.0
VT00400,18/04/2025,P0042,C0033,V024,8,20042.0,160336.0
VT00401,2024-09-02,P0013,C0035,V018,4,60097.0,240388.0
VT00402,2024-12-22,P0009,C0014,V020,5,18904.0,94520.0
VT00403,2025-01-14,P0016,C0032,V002,10,10932.0,109320.0
VT00404,2024-12-08,P0034,C0029,V021,15,15981.0,239715.0
VT00405,29/04/2024,P0007,C0053,V011,1,20538.0,20538.0
VT00406,02-01-2025,P0007,C0018,V001,8,20538.0,164304.0
VT00407,2024-10-08,P0011,C0053,V021,15,51114.0,766710.0
VT00408,2025-04-23,P0057,C0061,V016,15,58623.0,879345.0
VT00409,2024-11-29,P0049,C0037,V011,4,44536.0,178144.0
VT00410,26/05/2024,P0004,C0012,V021,11,58328.0,641608.0
VT00411,2024-10-20,P0035,C0005,V006,4,24771.0,99084.0
VT00412,2024-08-01,P0054,C0023,V002,15,33984.0,509760.0
VT00413,04-03-2025,P0051,C0064,V006,7,15109.0,105763.0
VT00414,2025-04-24,P0056,C0038,V002,12,73514.0,882168.0
VT00415,05/01/2024,P0037,C0014,V011,5,72035.0,360175.0
VT00416,2024-05-25,P0042,C0067,V016,8,20042.0,160336.0
VT00417,2025-03-31,P0055,C0065,V015,3,46152.0,138456.0
VT00418,2024-05-19,P0052,C0015,V011,4,67847.0,271388.0
VT00419,2024-03-24,P0030,C0033,V023,12,19784.0,237408.0
VT00420,05/04/2024,P0048,C0044,V010,1,32365.0,32365.0
VT00421,2024-10-17,P0049,C0025,V006,11,44536.0,489896.0
VT00422,2024-11-08,P0041,C0052,V014,14,77834.0,1089676.0
VT00423,2024-09-20,P0006,C0052,V022,6,5122.0,30732.0
VT00424,2024-02-18,P0009,C0062,V011,3,18904.0,56712.0
VT00425,24/04/2025,P0001,C0034,V013,4,55253.0,221012.0
VT00426,2024-04-30,P0049,C0035,V011,8,44536.0,356288.0
VT00427,03-06-2024,P0047,C0002,V009,10,76570.0,765700.0
VT00428,2024-11-30,P0045,C0031,V002,6,22847.0,137082.0
VT00429,2024-12-07,P0030,C0040,V006,2,19784.0,39568.0
VT00430,26/07/2024,P0033,C0040,V023,,46567.0,512237.0
VT00431,2024-03-01,P0059,C0038,V012,11,64447.0,708917.0
VT00432,2024-11-10,P0015,C0018,V016,4,81470.0,325880.0
VT00433,2024-03-19,P0048,C0048,V014,8,32365.0,258920.0
VT00434,25-12-2024,P0059,C0061,V025,9,64447.0,580023.0
VT00435,02/10/2024,P0043,C0028,V025,13,35140.0,456820.0
VT00436,2024-05-06,P0049,C0011,V017,11,44536.0,489896.0
VT00437,2024-08-16,P0046,C0047,V003,9,46966.0,422694.0
VT00438,2025-04-14,P0008,C0008,V018,10,52167.0,521670.0
VT00439,2025-04-07,P0013,C0020,V006,9,60097.0,540873.0
VT00440,16/06/2024,P0034,C0057,V004,14,15981.0,223734.0
VT00441,14-12-2024,P0046,C0063,V003,4,46966.0,187864.0
VT00442,2025-04-05,P0029,C0008,V015,9,15919.0,143271.0
VT00443,2024-03-08,P0027,C0059,V019,9,33860.0,304740.0
VT00444,2024-01-30,P0030,C0040,V024,9,19784.0,178056.0
VT00445,12/01/2024,P0017,C0001,V024,7,10479.0,73353.0
VT00446,2024-04-21,P0005,C0006,V014,10,9672.0,96720.0
VT00447,2024-06-25,P0005,C0008,V003,12,9672.0,116064.0
VT00448,23-04-2025,P0003,C0037,V014,8,20915.0,167320.0
VT00449,2024-04-02,P0009,C0054,V012,13,18904.0,245752.0
VT00450,01/04/2025,P0029,C0049,V013,7,15919.0,111433.0
VT00451,2024-02-11,P0043,C0018,V021,11,35140.0,386540.0
VT00452,2025-03-16,P0008,C0023,V018,6,52167.0,313002.0
VT00453,2024-07-20,P0009,C0029,V001,9,18904.0,170136.0
VT00454,2025-01-22,P0020,C0060,V022,1,12798.0,12798.0
VT00455,03/01/2025,P0028,C0049,V008,9,54944.0,494496.0
VT00456,2024-05-06,P0023,C0020,V009,8,50132.0,401056.0
VT00457,2024-04-06,P0057,C0015,V002,15,58623.0,879345.0
VT00458,2025-02-18,P0027,C0003,V008,11,33860.0,372460.0
VT00459,2024-04-15,P0007,C0005,V015,2,20538.0,41076.0
VT00460,02/11/2024,P0046,C0007,V008,11,46966.0,516626.0
VT00461,2025-01-14,P0026,C0057,V008,1,73064.0,73064.0
VT00462,03-10-2024,P0049,C0008,V005,4,44536.0,178144.0
VT00463,2024-09-14,P0015,C0041,V019,5,81470.0,407350.0
VT00464,2024-11-02,P0044,C0042,V008,13,14287.0,185731.0
VT00465,03/06/2024,P0010,C0006,V008,15,37110.0,556650.0
VT00466,2024-07-30,P0018,C0008,V018,5,52307.0,261535.0
VT00467,2025-04-30,P0057,C0023,V021,10,58623.0,586230.0
VT00468,2024-12-13,P0036,C0064,V002,7,20618.0,144326.0
VT00469,25-06-2024,P0043,C0049,V017,11,35140.0,386540.0
VT00470,12/06/2024,P0027,C0053,V005,12,33860.0,406320.0
VT00471,2024-06-02,P0012,C0061,V008,7,65102.0,455714.0
VT00472,2025-03-10,P0020,C0019,V015,4,12798.0,51192.0
VT00473,2025-04-13,P0036,C0053,V014,1,20618.0,20618.0
VT00474,2024-10-12,P0009,C0050,V008,9,18904.0,170136.0
VT00475,10/05/2024,P0022,C0011,V015,4,70926.0,283704.0
VT00476,09-03-2025,P0006,C0025,V002,6,5122.0,30732.0
VT00477,2024-05-17,P0044,C0006,V003,7,14287.0,100009.0
VT00478,2024-04-06,P0049,C0028,V016,13,44536.0,578968.0
VT00479,2024-04-16,P0059,C0043,V010,14,64447.0,902258.0
VT00480,10/04/2025,P0014,C0025,V024,1,25424.0,25424.0
VT00481,2024-03-01,P0049,C0062,V008,12,44536.0,534432.0
VT00482,2024-12-22,P0046,C0027,V013,10,46966.0,469660.0
VT00483,13-04-2025,P0036,C0042,V025,4,20618.0,82472.0
VT00484,2024-05-24,P0030,C0046,V010,7,19784.0,138488.0
VT00485,13/05/2024,P0033,C0064,V015,6,46567.0,279402.0
VT00486,2024-02-20,P0047,C0061,V025,13,76570.0,995410.0
VT00487,2025-03-05,P0059,C0027,V012,6,64447.0,386682.0
VT00488,2024-06-09,P0003,C0029,V024,7,20915.0,146405.0
VT00489,2024-03-15,P0017,C0054,V010,1,10479.0,10479.0
VT00490,19/03/2024,P0022,C0030,V013,4,70926.0,283704.0
VT00491,2024-10-18,P0016,C0064,V018,14,10932.0,153048.0
VT00492,2024-12-01,P0022,C0033,V025,11,70926.0,780186.0
VT00493,2025-02-24,P0047,C0063,V015,8,76570.0,612560.0
VT00494,2024-03-27,P0051,C0046,V006,12,15109.0,181308.0
VT00495,12/03/2024,P0035,C0063,V006,12,24771.0,297252.0
VT00496,2025-04-14,P0035,C0008,V017,15,24771.0,371565.0
VT00497,18-01-2024,P0055,C0010,V022,14,46152.0,646128.0
VT00498,2024-01-25,P0001,C0053,V005,13,55253.0,718289.0
VT00499,2025-03-07,P0015,C0009,V023,11,81470.0,896170.0
VT00500,18/03/2024,P0014,C0065,V015,1,25424.0,25424.0
VT00501,2024-07-10,P0040,C0062,V022,1,24589.0,24589.0
VT00502,2024-09-06,P0001,C0053,V001,1,55253.0,55253.0
VT00503,2024-01-09,P0047,C0036,V018,9,76570.0,689130.0
VT00504,26-05-2024,P0033,C0056,V006,,46567.0,46567.0
VT00505,24/02/2024,P0007,C0067,V005,15,20538.0,308070.0
VT00506,2024-05-03,P0040,C0067,V009,4,24589.0,98356.0
VT00507,2025-02-21,P0018,C0051,V003,6,52307.0,313842.0
VT00508,2024-07-10,P0030,C0032,V023,7,19784.0,138488.0
VT00509,2024-04-25,P0044,C0011,V021,5,14287.0,71435.0
VT00510,15/03/2025,P0049,C0005,V003,11,44536.0,489896.0
VT00511,26-07-2024,P0025,C0061,V002,7,66278.0,463946.0
VT00512,2024-11-22,P0045,C0022,V003,1,22847.0,22847.0
VT00513,2024-09-12,P0028,C0043,V019,14,54944.0,769216.0
VT00514,2025-03-15,P0058,C0067,V002,2,58741.0,117482.0
VT00515,27/04/2024,P0058,C0061,V009,4,58741.0,234964.0
VT00516,2024-01-24,P0005,C0036,V018,15,9672.0,145080.0
VT00517,2024-10-15,P0003,C0023,V011,11,20915.0,230065.0
VT00518,09-01-2024,P0038,C0019,V025,4,21396.0,85584.0
VT00519,2025-02-24,P0053,C0051,V003,12,51704.0,620448.0
VT00520,02/06/2024,P0037,C0031,V019,3,72035.0,216105.0
VT00521,2025-03-03,P0025,C0043,V013,14,66278.0,927892.0
VT00522,2025-01-21,P0009,C0011,V017,12,18904.0,226848.0
VT00523,2025-01-16,P0004,C0013,V014,6,58328.0,349968.0
VT00524,2024-04-28,P0005,C0044,V020,14,9672.0,135408.0
VT00525,28/01/2025,P0039,C0051,V025,10,68916.0,689160.0
VT00526,2024-06-16,P0041,C0035,V015,1,77834.0,77834.0
VT00527,2024-09-08,P0023,C0049,V014,4,50132.0,200528.0
VT00528,2024-04-05,P0038,C0049,V003,11,21396.0,235356.0
VT00529,2025-01-30,P0019,C0032,V023,10,62703.0,627030.0
VT00530,07/02/2024,P0018,C0020,V013,2,52307.0,104614.0
VT00531,2024-12-30,P0041,C0020,V024,13,77834.0,1011842.0
VT00532,18-07-2024,P0024,C0014,V003,6,6281.0,37686.0
VT00533,2024-01-03,P0029,C0047,V025,5,15919.0,79595.0
VT00534,2024-05-18,P0009,C0012,V006,2,18904.0,37808.0
VT00535,08/08/2024,P0036,C0066,V014,8,20618.0,164944.0
VT00536,2024-02-22,P0006,C0046,V018,1,5122.0,5122.0
VT00537,2024-02-17,P0039,C0042,V013,10,68916.0,689160.0
VT00538,2024-01-07,P0027,C0050,V025,5,33860.0,169300.0
VT00539,13-02-2024,P0058,C0032,V019,12,58741.0,704892.0
VT00540,23/09/2024,P0044,C0049,V006,3,14287.0,42861.0
VT00541,2024-03-12,P0020,C0035,V016,5,12798.0,63990.0
VT00542,2024-03-15,P0011,C0056,V009,2,51114.0,102228.0
VT00543,2024-08-03,P0031,C0010,V012,5,60400.0,302000.0
VT00544,2024-05-08,P0047,C0064,V020,4,76570.0,306280.0
VT00545,11/11/2024,P0030,C0014,V005,4,19784.0,79136.0
VT00546,04-06-2024,P0026,C0043,V020,1,73064.0,73064.0
VT00547,2024-07-13,P0056,C0043,V015,13,73514.0,955682.0
VT00548,2024-06-20,P0053,C0018,V010,7,51704.0,361928.0
VT00549,2024-06-13,P0045,C0026,V016,10,22847.0,228470.0
VT00550,09/06/2024,P0026,C0041,V010,3,73064.0,219192.0
VT00551,2025-01-11,P0041,C0063,V019,12,77834.0,934008.0
VT00552,2025-02-04,P0021,C0049,V009,4,9001.0,36004.0
VT00553,22-02-2025,P0026,C0047,V004,13,73064.0,949832.0
VT00554,2025-04-22,P0013,C0024,V022,10,60097.0,600970.0
VT00555,28/01/2025,P0002,C0060,V023,9,63678.0,573102.0
VT00556,2024-04-17,P0052,C0038,V023,8,67847.0,542776.0
VT00557,2024-02-05,P0055,C0053,V022,14,46152.0,646128.0
VT00558,2024-09-12,P0041,C0039,V008,3,77834.0,233502.0
VT00559,2024-05-09,P0010,C0055,V013,11,37110.0,408210.0
VT00560,07/02/2024,P0039,C0062,V019,8,68916.0,551328.0
VT00561,2024-07-24,P0033,C0054,V018,9,46567.0,419103.0
VT00562,2024-01-19,P0024,C0011,V004,13,6281.0,81653.0
VT00563,2025-01-28,P0043,C0046,V006,4,35140.0,140560.0
VT00564,2024-11-27,P0003,C0052,V025,10,20915.0,209150.0
VT00565,18/06/2024,P0028,C0014,V001,13,54944.0,714272.0
VT00566,2024-02-20,P0015,C0066,V024,5,81470.0,407350.0
VT00567,22-09-2024,P0038,C0029,V015,9,21396.0,192564.0
VT00568,2024-07-10,P0030,C0065,V005,7,19784.0,138488.0
VT00569,2024-06-25,P0031,C0014,V010,1,60400.0,60400.0
VT00570,31/07/2024,P0006,C0015,V024,15,5122.0,76830.0
VT00571,2024-03-13,P0020,C0044,V015,6,12798.0,76788.0
VT00572,2025-02-05,P0034,C0062,V012,4,15981.0,63924.0
VT00573,2024-08-31,P0029,C0058,V011,2,15919.0,31838.0
VT00574,04-02-2024,P0003,C0015,V001,5,20915.0,104575.0
VT00575,10/03/2025,P0042,C0014,V022,6,20042.0,120252.0
VT00576,2025-02-13,P0060,C0032,V017,3,11703.0,35109.0
VT00577,2024-03-30,P0011,C0043,V018,9,51114.0,460026.0
VT00578,2024-08-06,P0015,C0052,V021,8,81470.0,651760.0
VT00579,2024-04-04,P0041,C0056,V013,3,77834.0,233502.0
VT00580,15/01/2024,P0040,C0026,V015,12,24589.0,295068.0
VT00581,30-10-2024,P0025,C0001,V023,7,66278.0,463946.0
VT00582,2024-04-19,P0018,C0009,V019,4,52307.0,209228.0
VT00583,2024-02-22,P0056,C0024,V012,13,73514.0,955682.0
VT00584,2024-06-15,P0030,C0015,V009,4,19784.0,79136.0
VT00585,09/12/2024,P0032,C0067,V021,14,52753.0,738542.0
VT00586,2024-06-09,P0025,C0051,V019,10,66278.0,662780.0
VT00587,2024-02-28,P0023,C0059,V020,6,50132.0,300792.0
VT00588,29-03-2024,P0044,C0039,V020,14,14287.0,200018.0
VT00589,2024-10-29,P0044,C0018,V011,2,14287.0,28574.0
VT00590,01/03/2024,P0020,C0015,V006,4,12798.0,51192.0
VT00591,2024-07-10,P0010,C0066,V013,12,37110.0,445320.0
VT00592,2024-08-02,P0009,C0050,V014,10,18904.0,189040.0
VT00593,2024-04-05,P0041,C0023,V018,8,77834.0,622672.0
VT00594,2024-03-26,P0019,C0018,V006,8,62703.0,501624.0
VT00595,10/06/2024,P0029,C0007,V012,14,15919.0,222866.0
VT00596,2024-01-05,P0009,C0025,V013,8,18904.0,151232.0
VT00597,2024-10-14,P0042,C0064,V014,9,20042.0,180378.0
VT00598,2024-12-16,P0027,C0057,V016,8,33860.0,270880.0
VT00599,2024-03-26,P0037,C0004,V025,2,72035.0,144070.0
VT00600,22/04/2024,P0003,C0036,V008,5,20915.0,104575.0
VT00601,2024-10-02,P0011,C0059,V019,5,51114.0,255570.0
VT00602,15-01-2025,P0050,C0064,V018,13,64852.0,843076.0
VT00603,2024-09-18,P0037,C0015,V009,2,72035.0,144070.0
VT00604,2025-01-31,P0053,C0047,V018,9,51704.0,465336.0
VT00605,25/02/2025,P0003,C0057,V018,13,20915.0,271895.0
VT00606,2024-04-21,P0007,C0032,V010,7,20538.0,143766.0
VT00607,2025-03-23,P0029,C0034,V012,1,15919.0,15919.0
VT00608,2025-03-17,P0006,C0057,V004,14,5122.0,71708.0
VT00609,01-02-2025,P0016,C0027,V024,13,10932.0,142116.0
VT00610,28/10/2024,P0023,C0055,V006,12,50132.0,601584.0
VT00611,2024-11-11,P0051,C0027,V007,3,15109.0,45327.0
VT00612,2025-02-16,P0037,C0045,V018,1,72035.0,72035.0
VT00613,2024-05-23,P0035,C0022,V011,10,24771.0,247710.0
VT00614,2024-12-26,P0019,C0035,V017,5,62703.0,313515.0
VT00615,05/04/2025,P0053,C0013,V005,11,51704.0,568744.0
VT00616,19-01-2025,P0027,C0008,V009,13,33860.0,440180.0
VT00617,2025-03-19,P0009,C0017,V008,11,18904.0,207944.0
VT00618,2024-03-15,P0021,C0032,V025,12,9001.0,108012.0
VT00619,2025-03-07,P0026,C0063,V005,11,73064.0,803704.0
VT00620,22/10/2024,P0018,C0054,V013,11,52307.0,575377.0
VT00621,2024-08-19,P0041,C0012,V013,2,77834.0,155668.0
VT00622,2024-09-20,P0018,C0048,V015,12,52307.0,627684.0
VT00623,06-09-2024,P0038,C0001,V025,6,21396.0,128376.0
VT00624,2025-03-09,P0006,C0059,V021,12,5122.0,61464.0
VT00625,06/12/2024,P0023,C0009,V018,12,50132.0,601584.0
VT00626,2024-07-22,P0028,C0028,V016,4,54944.0,219776.0
VT00627,2024-05-17,P0054,C0037,V011,6,33984.0,203904.0
VT00628,2024-10-07,P0009,C0063,V011,10,18904.0,189040.0
VT00629,2025-04-02,P0049,C0007,V002,11,44536.0,489896.0
VT00630,20/02/2024,P0051,C0059,V001,11,15109.0,166199.0
VT00631,2024-03-04,P0055,C0021,V015,15,46152.0,692280.0
VT00632,2024-08-21,P0028,C0026,V023,1,54944.0,54944.0
VT00633,2025-04-10,P0057,C0039,V006,3,58623.0,175869.0
VT00634,2025-03-23,P0057,C0036,V003,15,58623.0,879345.0
VT00635,01/12/2024,P0017,C0011,V012,6,10479.0,62874.0
VT00636,2024-12-06,P0042,C0022,V002,15,20042.0,300630.0
VT00637,21-07-2024,P0020,C0030,V014,11,12798.0,140778.0
VT00638,2024-12-01,P0046,C0013,V001,2,46966.0,93932.0
VT00639,2024-04-19,P0005,C0017,V019,8,9672.0,77376.0
VT00640,25/04/2024,P0044,C0057,V001,9,14287.0,128583.0
VT00641,2024-01-05,P0022,C0016,V014,12,70926.0,851112.0
VT00642,2024-12-21,P0031,C0010,V008,3,60400.0,181200.0
VT00643,2024-07-15,P0047,C0014,V004,2,76570.0,153140.0
VT00644,09-06-2024,P0057,C0039,V005,6,58623.0,351738.0
VT00645,14/07/2024,P0053,C0018,V021,13,51704.0,672152.0
VT00646,2024-12-12,P0005,C0067,V019,3,9672.0,29016.0
VT00647,2024-01-05,P0042,C0022,V015,10,20042.0,200420.0
VT00648,2024-06-28,P0014,C0020,V014,12,25424.0,305088.0
VT00649,2024-11-11,P0029,C0028,V003,11,15919.0,175109.0
VT00650,04/04/2025,P0009,C0016,V019,2,18904.0,37808.0
VT00651,08-01-2025,P0023,C0055,V011,7,50132.0,350924.0
VT00652,2025-02-09,P0016,C0036,V021,3,10932.0,32796.0
VT00653,2024-02-13,P0036,C0037,V025,4,20618.0,82472.0
VT00654,2025-04-26,P0002,C0039,V007,12,63678.0,764136.0
VT00655,22/09/2024,P0033,C0025,V024,10,46567.0,465670.0
VT00656,2024-07-19,P0042,C0007,V008,5,20042.0,100210.0
VT00657,2024-09-10,P0008,C0031,V016,7,52167.0,365169.0
VT00658,22-11-2024,P0005,C0067,V001,10,9672.0,96720.0
VT00659,2024-07-03,P0021,C0017,V013,15,9001.0,135015.0
VT00660,16/03/2025,P0037,C0054,V012,14,72035.0,1008490.0
VT00661,2024-10-06,P0012,C0061,V025,11,65102.0,716122.0
VT00662,2024-02-07,P0038,C0009,V001,1,21396.0,21396.0
VT00663,2024-05-14,P0003,C0008,V013,4,20915.0,83660.0
VT00664,2024-09-16,P0041,C0065,V025,5,77834.0,389170.0
VT00665,31/07/2024,P0045,C0052,V003,7,22847.0,159929.0
VT00666,2024-11-23,P0035,C0020,V009,9,24771.0,222939.0
VT00667,2024-02-12,P0006,C0066,V007,5,5122.0,25610.0
VT00668,2025-02-17,P0035,C0042,V013,3,24771.0,74313.0
VT00669,2024-10-27,P0049,C0009,V010,11,44536.0,489896.0
VT00670,23/12/2024,P0047,C0031,V002,7,76570.0,535990.0
VT00671,2024-05-05,P0060,C0056,V004,2,11703.0,23406.0
VT00672,20-08-2024,P0039,C0008,V010,10,68916.0,689160.0
VT00673,2024-12-07,P0043,C0023,V004,12,35140.0,421680.0
VT00674,2024-01-07,P0009,C0002,V006,12,18904.0,226848.0
VT00675,11/09/2024,P0034,C0006,V024,6,15981.0,95886.0
VT00676,2024-05-12,P0024,C0017,V024,3,6281.0,18843.0
VT00677,2025-02-03,P0018,C0016,V025,14,52307.0,732298.0
VT00678,2025-04-05,P0022,C0055,V009,1,70926.0,70926.0
VT00679,25-09-2024,P0017,C0010,V016,2,10479.0,20958.0
VT00680,21/08/2024,P0024,C0008,V016,9,6281.0,56529.0
VT00681,2025-03-15,P0011,C0048,V006,10,51114.0,511140.0
VT00682,2024-05-10,P0007,C0015,V008,13,20538.0,266994.0
VT00683,2025-01-14,P0001,C0006,V001,9,55253.0,497277.0
VT00684,2024-05-05,P0031,C0047,V013,1,60400.0,60400.0
VT00685,16/04/2025,P0012,C0005,V018,3,65102.0,195306.0
VT00686,15-02-2025,P0046,C0054,V008,15,46966.0,704490.0
VT00687,2024-06-13,P0027,C0041,V009,4,33860.0,135440.0
VT00688,2025-02-26,P0037,C0048,V004,2,72035.0,144070.0
VT00689,2024-09-14,P0058,C0007,V006,11,58741.0,646151.0
VT00690,24/04/2024,P0034,C0006,V013,13,15981.0,207753.0
VT00691,2024-02-05,P0030,C0037,V025,15,19784.0,296760.0
VT00692,2025-03-08,P0021,C0012,V018,5,9001.0,45005.0
VT00693,21-08-2024,P0024,C0026,V010,1,6281.0,6281.0
VT00694,2024-10-15,P0020,C0032,V015,13,12798.0,166374.0
VT00695,07/07/2024,P0032,C0026,V024,10,52753.0,527530.0
VT00696,2025-04-06,P0049,C0032,V005,9,44536.0,400824.0
VT00697,2024-01-04,P0027,C0004,V008,15,33860.0,507900.0
VT00698,2024-10-04,P0041,C0002,V011,6,77834.0,467004.0
VT00699,2024-01-01,P0043,C0049,V024,13,35140.0,456820.0
VT00700,07/01/2025,P0007,C0027,V017,5,20538.0,102690.0
VT00101,2024-02-11,P0022,C0049,V011,14,70926.0,992964.0
VT00251,2024-09-16,P0035,C0067,V002,13,24771.0,322023.0
VT00401,2024-09-02,P0013,C0035,V018,4,60097.0,240388.0
